id,description,image_url,image_web,title,width,height
8AkpYkjnXo4rdyen1wV6,"Different Disney Characters including but not limited to Belle, Ariel, Mickey Mouse, Daisy Duck, Donald Duck, Minnie Mouse, Scar, Mufassa, Simba,Cinderella, The Fairy Godmother, Lilo,Stitch, Tinker Belle, Peter Pan, Winnie the Pooh, Tigger, Ursala, Hercules, Zeus and other well known Disney Characters fighting in a battle, wearing different kinds of armor and brandishing different kinds of weapons including magical weapons in a mystical setting with a castle in the background",https://cdn.openart.ai/uploads/upscaled/different-disney-characters-including-but-not-limited-to-belle-ariel-micke...ing-magical-weapons-in-a-mystical-setting-with-a-castle-in-the-background_K7wfByqC_upscaled.jpg,https://cdn.openart.ai/published/QjQULOp309hQwSO5a1wl/z6OspKyb_gqYR_512.webp,,1024,576
5GonFMHFr9pTzbqHybrW,"3d sculpted clay style A happy Doberman dog father and his baby son camping in the woods, in the style of Disney, as cartoon characters in a full body portrait, in the style of Pixar art illustration with big eyes, fluffy fur, big head, and a serious face expression, in a happy atmosphere, with a campfire burning, and happy smiling faces, with a background of a forest at night with moonlight shining through the trees, in high resolution.",https://cdn.openart.ai/uploads/image_s2L9k4yK_1722349938526_raw.jpg,https://cdn.openart.ai/published/1JgTsaO5Ogz9BY5LEa0S/yzHw440l_Pg5B_512.webp,,1024,1024
8HxMWKagbStFFKfNs05D,"a cartoon picture of a woman dressed in a wedding dress, corpse bride art style, prosthetic, blue moonlight, by ZoÃ« Mozert, featured on artstation, ever after high, severed limbs, is totally sad and cries, wrapped arms, instagram art, unusually unique beauty, hollywood promotional image, tarot cards characters, trending on attestation, gory",https://cdn.openart.ai/uploads/image_MjqdN5mC_1696814871089_raw.jpg,https://cdn.openart.ai/published/ZQXblgEix4c0uFmxTNTf/JHfdIlzY_MaoA_512.webp,,1024,1024
6zKvaMNlkKFpbF1u1zGW,"Cartoon illustration of two cannabis characters smoking joints, one green and one purple, vibrant and colorful, cartoon style, relaxed and chill vibe, detailed smoke effects, 4k, vibrant colors, cartoon, relaxed mood, detailed characters, joint smoking, green and purple, high-quality animation, vibrant and colorful fun fun fun",https://cdn.openart.ai/uploads/image_uFK96owy_1705948906925_raw.jpg,https://cdn.openart.ai/published/9FuYqIu6Gt2Nsx5ch2fL/J4PSduoT_ihPx_512.webp,,640,640
asoWYnxH5wuI5aIi9BO5,"Illustration of Portugal dos Pequenitos in vector, kid-friendly, vibrant colors, detailed landmarks, playful characters, cartoon style, educational, fun, vector art, kids illustration, vibrant colors, detailed landmarks, playful characters, educational, high quality, colorful, vibrant, detailed, cartoon style, playful, fun",https://cdn.openart.ai/uploads/image_T5yMt1zj_1716816363494_raw.jpg,https://cdn.openart.ai/published/kYoTEbDT08bzNR9UaRqk/vD-A0uhz_pnkW_512.webp,,1024,1024
NfYDRi6waUuo8P4E4xaZ,"Musical instruments as human-like cartoon characters, similar to Beauty and the Beast, vibrant colors, magical setting, detailed facial expressions, whimsical, fantasy, animated, musical instruments, anthropomorphic, enchanting lighting, high quality, vivid colors, fantasy style, cartoon characters, magical atmosphere",https://cdn.openart.ai/uploads/image_CgdU2lSy_1713335930756_raw.jpg,https://cdn.openart.ai/published/AyJt5f0AmEvB2ugSbUuy/VWlyD12l_aWo9_512.webp,,1024,1024
6FXdMz0HeA2JInaM8yvZ,"Cartoon poster style image of four individuals, June background, one person wearing a purple shirt, one wearing a teal shirt, one wearing a blue shirt, one wearing a tie-dye shirt, vibrant colors, detailed cartoon characters, scenic backdrop, high quality, vibrant colors, detailed characters, professional cartoon art",https://cdn.openart.ai/uploads/image_5BeprBcs_1716891557759_raw.jpg,https://cdn.openart.ai/published/7ZhC28vV3b0iVwsx5Igw/9Er1lVRC_rk9B_512.webp,,512,1024
2Guf2sQyhtKfvjtb8MYI,"Cartoon-style sunset in forest, vibrant colors, whimsical trees, warm lighting, detailed mountain silhouette, happy clouds, playful style, high quality, cartoon, vibrant colors, forest setting, sunset, whimsical trees, warm lighting, happy clouds, detailed, playful style",https://cdn.openart.ai/uploads/image_61O5xVAq_1717441420321_raw.jpg,https://cdn.openart.ai/published/nd4NKSnvnvjEnMw1FxiE/IQHYBFrr_EyuP_512.webp,,768,608
WYMaCq46Sn5FOmngNfIV,"a cartoon of a man in a storm trooper suit chasing a robot in the desert with a star wars character, Beeple, computer art, action scene, a comic book panel sad super sad",https://cdn.openart.ai/uploads/image_b41YIm6U_1732295192249_raw.jpg,https://cdn.openart.ai/published/user_2pDHu72hKlAeRUU2Be4R7kuLIPv/v_TOKrcB_ptyL_512.webp,,1024,1024
tYxKVVFhwL2QpAFt3RFQ,"Military academy class in auditorium. One hugh rank officer teaching. Multiple different uniforms (green, black and blue) 1980's cartoon style",https://cdn.openart.ai/uploads/image_I1bdGCb3_1725341187964_raw.jpg,https://cdn.openart.ai/published/6AnBEaII6ekubtNPNfHC/CdUE7CKE_cq7G_512.webp,,1024,1024
kffTvZ1GFoJLL9gTOb5L,"Beautiful baby Harry Potter cartoon characters, cute, girlish, high quality, detailed, cartoon, magical, soft pastel colors, gentle lighting",https://cdn.openart.ai/uploads/image_ksXQ9jlI_1708907297191_raw.jpg,https://cdn.openart.ai/published/aNxlLWYaBtzC6YJGRvyH/Rz4o2Ixt_xlO2_512.webp,,1024,1024
7omosaH3xtA0JWnZNlIx,Cartoon style Wasp police officer hovering outside the window of an apartment in Vienna. The officer looks angry at not being allowed in.,https://cdn.openart.ai/uploads/image__F704FJS_1720816838208_raw.jpg,https://cdn.openart.ai/published/user_2jA4gVgPEvRw52RjthwvTviLxOb/2TBeByv4_jreg_512.webp,,1024,1024
eQOV1Ps0pFbgRQRRwqYl,"Middle eastern, Male, faerie, sad, angry, curly black hair short on the sides, attractive, square jaw, dark eyes, broody, dragon wings",https://cdn.openart.ai/uploads/image_cGdZFJbg_1709644731196_raw.jpg,https://cdn.openart.ai/published/Ora0NqShgLDd5Nmvq5DX/I7xYsP73_LFKb_512.webp,,1024,1024
zrKJi0T5O56LTngI1Tt1,"A raven wearing round glasses, next to a pile of books in different colors. On a white background. cartoon style",https://cdn.openart.ai/uploads/image_7h_D5mOc_1713770234469_raw.jpg,https://cdn.openart.ai/published/ZQXblgEix4c0uFmxTNTf/I0mYUPC8_goVz_512.webp,,1024,1024
ZAwCjaIkRJo8dS5GujoB,"angry dragonfruit warrior cartoon, illustration (UHD, 4k,intricately detailed, deep colors, high contrast)",https://cdn.openart.ai/uploads/image_I-X5Cb3P_1724607715575_raw.jpg,https://cdn.openart.ai/published/7jEAPF8uUn8slS1KXVIB/VRSX0Gjx_FK0F_512.webp,,1024,576
a8j1JXi8PLCiCoYzeZ6Y,"2D cartoon style, a bustling marketplace with various vendors, colorful stalls, and lively characters.",https://cdn.openart.ai/uploads/image_CeaOyvIn_1727182873430_raw.jpg,https://cdn.openart.ai/published/AsVPwMBZF5jFhWGeP9dn/qYdKgszq_ncwJ_512.webp,,1024,1024
NcsTMFz4tgmQYeVBOq1E," Group of 4 indian street cartoon dogs standing on 2 legs keep stiks in their hands, looking angry",https://cdn.openart.ai/uploads/image_cxqy0qTK_1721468134454_raw.jpg,https://cdn.openart.ai/published/DuoK6wEymJG60Xh7aolv/GP-7emHi_bRIn_512.webp,,1024,1024
BYJEVSPuSDla7IKUhrOj,vintage brown women happy with friends 2020 different ages at a neighborhood party with food,https://cdn.openart.ai/uploads/image_wJkMWb-e_1731699205360_raw.jpg,https://cdn.openart.ai/published/eAleyuCcMp1UxzZVoTL7/pLnsfVhi_KY9G_512.webp,,1024,1024
Hv55zvRgXXYl4SUn4xDz,an angry realistic cartoon yellow jacket with lightning shooting from the wings side view,https://cdn.openart.ai/uploads/image_NrkjVZ1e_1715545208810_raw.jpg,https://cdn.openart.ai/published/OFixkN0DVazuEaMn4HZH/vzmepNm-_ZoFb_512.webp,,1024,1024
pdSR2V9vr0b1eRxpd7Yf,"A happy little village boy with different positions like standing, sitting and sleeping",https://cdn.openart.ai/uploads/image_ifvmkTCd_1718197698918_raw.jpg,https://cdn.openart.ai/published/QToW5JXFRRxEdP8M40kH/KjBqeVDK_6eUj_512.webp,,1024,1024
sJGOOa3roUCGeDItX0Nr,ratio 16:9 character same as reference but each with different facial expression happy,https://cdn.openart.ai/uploads/image_acrreXWY_1712160440858_raw.jpg,https://cdn.openart.ai/published/tm7kWFJducrFx1JnOqpB/ZMqfmiH5_z4dn_512.webp,,1024,576
o4GejEcNn5MK1xj30V38,"Happy bartenders mixing in a large cauldron, cartoon-style, fall and halloween theme",https://cdn.openart.ai/uploads/image_s-aYXA-m_1721067899199_raw.jpg,https://cdn.openart.ai/published/ImQkJmSufP9q9NFdG95H/MGDslrCX_RhMY_512.webp,,1024,1024
KTWxwAVOv3UhfPaxAutw,happy cartoon black boy playing with toy under kitchen table. In black and white.,https://cdn.openart.ai/uploads/image_TlGMOT67_1710900342199_raw.jpg,https://cdn.openart.ai/published/NCjulFtJPfoYiDVmIc7N/qNnfzzeZ_YRbN_512.webp,,1024,1024
y2FBRVEVGm6Ft2O4iMZr,Create African American children cartoon with the characters fashionably dressed,https://cdn.openart.ai/uploads/image_EVZFKykh_1708727068409_raw.jpg,https://cdn.openart.ai/published/nipxo68xMVgT0b5Q8Okt/2qCoTR2z_hY32_512.webp,,1024,1024
K17XrM7ZcKL6zNVfzox5,A realistic cute cartoon shark happy holding a bible with his fins in the water,https://cdn.openart.ai/uploads/image_kyQmDvA3_1723767972402_raw.jpg,https://cdn.openart.ai/published/draSVC4GEHUTLFt9Obwa/NpEv1IrA_QDy7_512.webp,,1024,1024
i4ER3MC0LybiyRbIakWK,Create African American children cartoon with the characters fashionably dressed,https://cdn.openart.ai/uploads/image_xGoMemVn_1708727041223_raw.jpg,https://cdn.openart.ai/published/nipxo68xMVgT0b5Q8Okt/o5ToC8hK_bz-U_512.webp,,1024,1024
hfA3aOd54NBE0osH8dqN,funny miserable squirrel drawing in the style of happy tree friends cartoon,https://cdn.openart.ai/uploads/image_woC1AeTo_1711897001387_raw.jpg,https://cdn.openart.ai/published/z4jIbmvdBftrpspYNj3q/CF0thGaF_Bq6k_512.webp,,1024,1024
cB4F64ljjnhKuoX9FEAt,funny miserable squirrel drawing in the style of happy tree friends cartoon,https://cdn.openart.ai/uploads/image_-Bl0Agm5_1711896975482_raw.jpg,https://cdn.openart.ai/published/z4jIbmvdBftrpspYNj3q/9BH6saL8_WLVw_512.webp,,1024,1024
sGOLPQNySbz53KbYigIX,Happy Donald duck in low detail cartoon drawing style on white background,https://cdn.openart.ai/uploads/image_0jigx4cI_1721079855789_raw.jpg,https://cdn.openart.ai/published/wboILGOxGMGUOJot9qK4/Z1lqgp0N_Gb70_512.webp,,1024,1024
2g721rDSWh4wyl90PobS,a green hill with many different varieties of flowers 2 D cartoon,https://cdn.openart.ai/uploads/image_f041EkoX_1715372149623_raw.jpg,https://cdn.openart.ai/published/6tSEs3DPjfoFXQzIrI6p/9iCzHtfL_4I-J_512.webp,,1024,1024
4EAVMlsUoWvLg2png4kt,"flower cat with wings,vector,colorful,2D,cute cartoon characters",https://cdn.openart.ai/uploads/image_RFzwlIN8_1713424194435_raw.jpg,https://cdn.openart.ai/published/p3MqmviTKIPt60u7omPF/Gf0-Bjs1_Gu6m_512.webp,,1024,816
icVrJZ60V0VrgjvY7od8,happy roots of a plant png sticker cartoon,https://cdn.openart.ai/uploads/image_eWsu8kBQ_1716647316171_raw.jpg,https://cdn.openart.ai/published/r8jDjleOY4RAIwS3Fyk9/1zxSgVFc_T5Lp_512.webp,,1024,1024
2On39mCfJ1uARnGokXvT,happy soil png sticker cartoon,https://cdn.openart.ai/uploads/image_ZZ-2p1y__1716647227492_raw.jpg,https://cdn.openart.ai/published/r8jDjleOY4RAIwS3Fyk9/EKxQo_a7_SumF_512.webp,,1024,1024
hkuFEjxjUAVtDo4FTdXu,create a happy cartoon dragon,https://cdn.openart.ai/uploads/image_N5EGg0xW_1716415250537_raw.jpg,https://cdn.openart.ai/published/lQzti2tltAhJQtCkqkqv/CigLHRvx_roBe_512.webp,,1024,1024
